	top_100
AskReddit	87792
nfl	17378
funny	17321
leagueoflegends	16557
pics	14326
worldnews	12377
todayilearned	10964
DestinyTheGame	10955
AdviceAnimals	10675
videos	10638
nba	9595
pcmasterrace	9573
news	8057
SquaredCircle	8040
hockey	7403
WTF	7254
CFB	7239
gaming	7218
soccer	7026
DotA2	6969
movies	6846
GlobalOffensive	6501
relationships	4733
gifs	4448
explainlikeimfive	4355
anime	4330
tifu	4320
trees	4277
IAmA	4178
politics	4145
Random_Acts_Of_Amazon	4060
GlobalOffensiveTrade	3827
Pokemongiveaway	3687
wow	3675
electronic_cigarette	3648
h1z1	3534
Fireteams	3415
buildapc	3286
Showerthoughts	3262
pokemontrades	3239
TumblrInAction	3183
atheism	3106
Fitness	3081
AskMen	3047
gonewild	3030
hearthstone	3004
CasualConversation	2993
Games	2979
aww	2953
fatpeoplehate	2899
teenagers	2873
Bitcoin	2869
MMA	2846
smashbros	2825
technology	2821
AskWomen	2810
SVExchange	2789
magicTCG	2644
KotakuInAction	2603
Smite	2582
personalfinance	2496
serialpodcast	2466
csgobetting	2342
mildlyinteresting	2321
pokemon	2318
hiphopheads	2310
FIFA	2297
Music	2267
whowouldwin	2254
PokemonPlaza	2238
PS4	2202
xboxone	2178
amiibo	2158
MLPLounge	2085
Android	2079
SubredditDrama	2079
india	2073
friendsafari	1995
EliteDangerous	1972
TrollXChromosomes	1972
bravefrontier	1965
europe	1934
cars	1826
TwoXChromosomes	1810
Cricket	1800
CollegeBasketball	1789
MakeupAddiction	1771
2007scape	1759
ffxiv	1730
OkCupid	1718
sex	1712
tf2	1708
science	1639
rwbyRP	1637
Guildwars2	1603
Christianity	1603
jailbreak	1591
CasualPokemonTrades	1586
Patriots	1582
canada	1574
	content_percent
amiibo	0.004252225127537197
AskReddit	0.17298950342759295
movies	0.013489681753067494
funny	0.03413011651254485
EliteDangerous	0.003885721942309246
technology	0.005558631642623926
videos	0.020961617658359917
worldnews	0.02438822539551802
hockey	0.01458722086151894
aww	0.005818730677301827
smashbros	0.00556651343155356
bravefrontier	0.0038719288116823877
GlobalOffensive	0.012809877457886617
SquaredCircle	0.01584239574856305
WTF	0.014293624223890097
sex	0.0033734056618830778
h1z1	0.006963560519331073
relationships	0.009326126750988671
AdviceAnimals	0.021034524205959026
nba	0.018906441194958018
nfl	0.03424243200479213
serialpodcast	0.004859122875118966
Fireteams	0.00672907729867448
wow	0.007241393579100648
tifu	0.008512332044004027
AskWomen	0.005536956723067435
mildlyinteresting	0.004573408026419756
atheism	0.006120209103860303
Smite	0.005087694754078333
DestinyTheGame	0.02158624943103336
gaming	0.014222688123523395
KotakuInAction	0.005129074145958908
IAmA	0.008232528537002043
friendsafari	0.003931042228654638
buildapc	0.006474889605693804
todayilearned	0.021603983456125037
AskMen	0.006003952717148211
Random_Acts_Of_Amazon	0.00800001576357786
gifs	0.008764549289752295
Music	0.004467003875869706
electronic_cigarette	0.007188191503825624
trees	0.008427602813010469
Android	0.004096559796176938
magicTCG	0.0052098624824876505
MLPLounge	0.0041083824795713885
Games	0.0058699623053444444
cars	0.0035980366463776283
soccer	0.013844362254900995
science	0.0032295630139172688
news	0.015875893351513994
pics	0.028228627051481874
leagueoflegends	0.03262469482698488
Cricket	0.0035468050183350116
ffxiv	0.0034088737120664277
PS4	0.004338924805763164
jailbreak	0.0031349815467616683
india	0.004084737112782488
anime	0.00853203651632811
SVExchange	0.00549557733118686
fatpeoplehate	0.005712326526751777
TwoXChromosomes	0.0035665094906590948
Fitness	0.006070947923050095
pcmasterrace	0.018863091355845036
xboxone	0.0042916340721853635
PokemonPlaza	0.0044098609061298645
rwbyRP	0.0032256221194524523
hiphopheads	0.004551733106863264
TumblrInAction	0.006271933540755745
Patriots	0.0031172475216699933
GlobalOffensiveTrade	0.007540901558426716
DotA2	0.01373204676265372
OkCupid	0.0033852283452775276
FIFA	0.004526117292841956
teenagers	0.00566109489870916
canada	0.0031014839438107266
CasualConversation	0.005897548566598161
whowouldwin	0.004441388061848398
CFB	0.014264067515403971
pokemontrades	0.0063822785857706125
CasualPokemonTrades	0.0031251293105996267
personalfinance	0.004918236292091216
pokemon	0.004567496684722531
TrollXChromosomes	0.003885721942309246
politics	0.008167503778332568
Pokemongiveaway	0.007265038945889549
2007scape	0.0034660166818062696
explainlikeimfive	0.00858129769713832
CollegeBasketball	0.0035251300987785197
Bitcoin	0.005653213109779526
gonewild	0.005970455114197269
MakeupAddiction	0.0034896620485951697
Showerthoughts	0.006427598872116004
MMA	0.005607892823434135
Guildwars2	0.0031586269135505684
tf2	0.0033655238729534444
csgobetting	0.004614787418300331
hearthstone	0.0059192234861546525
SubredditDrama	0.004096559796176938
Christianity	0.0031586269135505684
europe	0.003810844947477729
